Workbook

Sheet Coverage by country
A1: Code | B1: Country / body | C1: Continent | D1: Category | E1: Population | F1: Pop. year | G1: Nodes | H1: Edges touching | I1: Unassigned (zero-edge) nodes | J1: % unassigned | K1: Nodes per million people | L1: Edges per node | M1: World Bank income group | N1: Conflict deaths 2024 | O1: Internal edges | P1: Outbound | Q1: Inbound
A2: RU | B2: Russia | C2: Asia | D2: At war | E2: 143513328 | F2: 2025 | G2: 170 | H2: =O2+P2+Q2 -> 152 | I2: 38 | J2: =IF(G2=0,"",I2/G2) -> 0.22352941 | K2: =IF(ISNUMBER(E2),IF(E2>0,G2/E2*1000000,""),"") -> 1.184559 | L2: =IF(G2=0,"",H2/G2) -> 0.89411765 | M2: High income | N2: 4737 | O2: 129 | P2: 23 | Q2: 0
A3: MX | B3: Mexico | C3: North America | D3: At war | E3: 131946900 | F3: 2025 | G3: 103 | H3: =O3+P3+Q3 -> 126 | I3: 16 | J3: =IF(G3=0,"",I3/G3) -> 0.15533981 | K3: =IF(ISNUMBER(E3),IF(E3>0,G3/E3*1000000,""),"") -> 0.78061705 | L3: =IF(G3=0,"",H3/G3) -> 1.223301 | M3: Upper middle income | N3: 8208 | O3: 97 | P3: 29 | Q3: 0
A4: ET | B4: Ethiopia | C4: Africa | D4: At war | E4: 135472051 | F4: 2025 | G4: 41 | H4: =O4+P4+Q4 -> 23 | I4: 21 | J4: =IF(G4=0,"",I4/G4) -> 0.51219512 | K4: =IF(ISNUMBER(E4),IF(E4>0,G4/E4*1000000,""),"") -> 0.30264545 | L4: =IF(G4=0,"",H4/G4) -> 0.56097561 | M4: Low income | N4: 10180 | O4: 16 | P4: 5 | Q4: 2
A5: CO | B5: Colombia | C5: South America | D5: At war | E5: 53425635 | F5: 2025 | G5: 37 | H5: =O5+P5+Q5 -> 26 | I5: 12 | J5: =IF(G5=0,"",I5/G5) -> 0.32432432 | K5: =IF(ISNUMBER(E5),IF(E5>0,G5/E5*1000000,""),"") -> 0.69255143 | L5: =IF(G5=0,"",H5/G5) -> 0.7027027 | M5: Upper middle income | N5: 1708 | O5: 18 | P5: 8 | Q5: 0
A6: NG | B6: Nigeria | C6: Africa | D6: At war | E6: 237527782 | F6: 2025 | G6: 20 | H6: =O6+P6+Q6 -> 13 | I6: 7 | J6: =IF(G6=0,"",I6/G6) -> 0.35 | K6: =IF(ISNUMBER(E6),IF(E6>0,G6/E6*1000000,""),"") -> 0.084200677 | L6: =IF(G6=0,"",H6/G6) -> 0.65 | M6: Lower middle income | N6: 9155 | O6: 11 | P6: 2 | Q6: 0
A7: AF | B7: Afghanistan | C7: Asia | D7: At war | E7: 43844111 | F7: 2025 | G7: 10 | H7: =O7+P7+Q7 -> 8 | I7: 1 | J7: =IF(G7=0,"",I7/G7) -> 0.1 | K7: =IF(ISNUMBER(E7),IF(E7>0,G7/E7*1000000,""),"") -> 0.2280808 | L7: =IF(G7=0,"",H7/G7) -> 0.8 | M7: Low income | N7: 3208 | O7: 4 | P7: 4 | Q7: 0
A8: MM | B8: Myanmar | C8: Asia | D8: At war | E8: 54850648 | F8: 2025 | G8: 9 | H8: =O8+P8+Q8 -> 6 | I8: 4 | J8: =IF(G8=0,"",I8/G8) -> 0.44444444 | K8: =IF(ISNUMBER(E8),IF(E8>0,G8/E8*1000000,""),"") -> 0.16408193 | L8: =IF(G8=0,"",H8/G8) -> 0.66666667 | M8: Lower middle income | N8: 19771 | O8: 1 | P8: 5 | Q8: 0
A9: SD | B9: Sudan | C9: Africa | D9: At war | E9: 51662147 | F9: 2025 | G9: 9 | H9: =O9+P9+Q9 -> 1 | I9: 7 | J9: =IF(G9=0,"",I9/G9) -> 0.77777778 | K9: =IF(ISNUMBER(E9),IF(E9>0,G9/E9*1000000,""),"") -> 0.17420879 | L9: =IF(G9=0,"",H9/G9) -> 0.11111111 | M9: Low income | N9: 15526 | O9: 1 | P9: 0 | Q9: 0
A10: BF | B10: Burkina Faso | C10: Africa | D10: At war | E10: 24074580 | F10: 2025 | G10: 8 | H10: =O10+P10+Q10 -> 6 | I10: 3 | J10: =IF(G10=0,"",I10/G10) -> 0.375 | K10: =IF(ISNUMBER(E10),IF(E10>0,G10/E10*1000000,""),"") -> 0.33230071 | L10: =IF(G10=0,"",H10/G10) -> 0.75 | M10: Low income | N10: 7522 | O10: 2 | P10: 4 | Q10: 0
A11: SO | B11: Somalia | C11: Africa | D11: At war | E11: 19654739 | F11: 2025 | G11: 8 | H11: =O11+P11+Q11 -> 4 | I11: 5 | J11: =IF(G11=0,"",I11/G11) -> 0.625 | K11: =IF(ISNUMBER(E11),IF(E11>0,G11/E11*1000000,""),"") -> 0.40702652 | L11: =IF(G11=0,"",H11/G11) -> 0.5 | M11: Low income | N11: 5472 | O11: 0 | P11: 4 | Q11: 0
A12: ML | B12: Mali | C12: Africa | D12: At war | E12: 25198821 | F12: 2025 | G12: 7 | H12: =O12+P12+Q12 -> 5 | I12: 2 | J12: =IF(G12=0,"",I12/G12) -> 0.28571429 | K12: =IF(ISNUMBER(E12),IF(E12>0,G12/E12*1000000,""),"") -> 0.27779077 | L12: =IF(G12=0,"",H12/G12) -> 0.71428571 | M12: Low income | N12: 4001 | O12: 2 | P12: 3 | Q12: 0
A13: CD | B13: Democratic Republic of the Congo | C13: Africa | D13: At war | E13: 112832473 | F13: 2025 | G13: 6 | H13: =O13+P13+Q13 -> 4 | I13: 2 | J13: =IF(G13=0,"",I13/G13) -> 0.33333333 | K13: =IF(ISNUMBER(E13),IF(E13>0,G13/E13*1000000,""),"") -> 0.053176181 | L13: =IF(G13=0,"",H13/G13) -> 0.66666667 | M13: Low income | N13: 3785 | O13: 1 | P13: 1 | Q13: 2
... A21: PS | B21: West Bank and Gaza | C21: Middle East | D21: At war | E21: 5413596 | F21: 2025 | G21: 1 | H21: =O21+P21+Q21 -> 1 | I21: 0 | J21: =IF(G21=0,"",I21/G21) -> 0 | K21: =IF(ISNUMBER(E21),IF(E21>0,G21/E21*1000000,""),"") -> 0.1847201 | L21: =IF(G21=0,"",H21/G21) -> 1 | M21: Lower middle income | N21: 29772 | O21: 0 | P21: 1 | Q21: 0
A22: CA | B22: Canada | C22: North America | D22: Developed | E22: 41651653 | F22: 2025 | G22: 285 | H22: =O22+P22+Q22 -> 394 | I22: 12 | J22: =IF(G22=0,"",I22/G22) -> 0.042105263 | K22: =IF(ISNUMBER(E22),IF(E22>0,G22/E22*1000000,""),"") -> 6.8424655 | L22: =IF(G22=0,"",H22/G22) -> 1.3824561 | M22: High income | O22: 366 | P22: 28 | Q22: 0
A23: US | B23: United States | C23: North America | D23: Developed | E23: 341784857 | F23: 2025 | G23: 149 | H23: =O23+P23+Q23 -> 172 | I23: 4 | J23: =IF(G23=0,"",I23/G23) -> 0.026845638 | K23: =IF(ISNUMBER(E23),IF(E23>0,G23/E23*1000000,""),"") -> 0.43594676 | L23: =IF(G23=0,"",H23/G23) -> 1.1543624 | M23: High income | O23: 149 | P23: 6 | Q23: 17
A24: JP | B24: Japan | C24: Asia | D24: Developed | E24: 123366734 | F24: 2025 | G24: 62 | H24: =O24+P24+Q24 -> 56 | I24: 14 | J24: =IF(G24=0,"",I24/G24) -> 0.22580645 | K24: =IF(ISNUMBER(E24),IF(E24>0,G24/E24*1000000,""),"") -> 0.5025666 | L24: =IF(G24=0,"",H24/G24) -> 0.90322581 | M24: High income | O24: 45 | P24: 11 | Q24: 0
A25: GB | B25: United Kingdom | C25: Europe | D25: Developed | E25: 69487000 | F25: 2025 | G25: 56 | H25: =O25+P25+Q25 -> 89 | I25: 1 | J25: =IF(G25=0,"",I25/G25) -> 0.017857143 | K25: =IF(ISNUMBER(E25),IF(E25>0,G25/E25*1000000,""),"") -> 0.80590614 | L25: =IF(G25=0,"",H25/G25) -> 1.5892857 | M25: High income | O25: 74 | P25: 15 | Q25: 0
A26: CL | B26: Chile | C26: South America | D26: Developed | E26: 19859921 | F26: 2025 | G26: 53 | H26: =O26+P26+Q26 -> 28 | I26: 23 | J26: =IF(G26=0,"",I26/G26) -> 0.43396226 | K26: =IF(ISNUMBER(E26),IF(E26>0,G26/E26*1000000,""),"") -> 2.6686914 | L26: =IF(G26=0,"",H26/G26) -> 0.52830189 | M26: High income | O26: 20 | P26: 8 | Q26: 0
A27: KR | B27: South Korea | C27: Asia | D27: Developed | E27: 51684564 | F27: 2025 | G27: 51 | H27: =O27+P27+Q27 -> 41 | I27: 15 | J27: =IF(G27=0,"",I27/G27) -> 0.29411765 | K27: =IF(ISNUMBER(E27),IF(E27>0,G27/E27*1000000,""),"") -> 0.98675496 | L27: =IF(G27=0,"",H27/G27) -> 0.80392157 | M27: High income | O27: 23 | P27: 18 | Q27: 0
A28: UY | B28: Uruguay | C28: South America | D28: Developed | E28: 3384688 | F28: 2025 | G28: 50 | H28: =O28+P28+Q28 -> 34 | I28: 12 | J28: =IF(G28=0,"",I28/G28) -> 0.24 | K28: =IF(ISNUMBER(E28),IF(E28>0,G28/E28*1000000,""),"") -> 14.77241 | L28: =IF(G28=0,"",H28/G28) -> 0.68 | M28: High income | O28: 27 | P28: 6 | Q28: 1
A29: DE | B29: Germany | C29: Europe | D29: Developed | E29: 83491249 | F29: 2025 | G29: 48 | H29: =O29+P29+Q29 -> 53 | I29: 0 | J29: =IF(G29=0,"",I29/G29) -> 0 | K29: =IF(ISNUMBER(E29),IF(E29>0,G29/E29*1000000,""),"") -> 0.57491055 | L29: =IF(G29=0,"",H29/G29) -> 1.1041667 | M29: High income | O29: 41 | P29: 11 | Q29: 1
A30: SG | B30: Singapore | C30: Asia | D30: Developed | E30: 6111175 | F30: 2025 | G30: 38 | H30: =O30+P30+Q30 -> 13 | I30: 30 | J30: =IF(G30=0,"",I30/G30) -> 0.78947368 | K30: =IF(ISNUMBER(E30),IF(E30>0,G30/E30*1000000,""),"") -> 6.2181168 | L30: =IF(G30=0,"",H30/G30) -> 0.34210526 | M30: High income | O30: 4 | P30: 9 | Q30: 0
A31: GY | B31: Guyana | C31: South America | D31: Developed | E31: 835986 | F31: 2025 | G31: 37 | H31: =O31+P31+Q31 -> 14 | I31: 21 | J31: =IF(G31=0,"",I31/G31) -> 0.56756757 | K31: =IF(ISNUMBER(E31),IF(E31>0,G31/E31*1000000,""),"") -> 44.259114 | L31: =IF(G31=0,"",H31/G31) -> 0.37837838 | M31: High income | O31: 11 | P31: 3 | Q31: 0
A32: NZ | B32: New Zealand | C32: Oceania & Pacific | D32: Developed | E32: 5324700 | F32: 2025 | G32: 33 | H32: =O32+P32+Q32 -> 43 | I32: 5 | J32: =IF(G32=0,"",I32/G32) -> 0.15151515 | K32: =IF(ISNUMBER(E32),IF(E32>0,G32/E32*1000000,""),"") -> 6.1975323 | L32: =IF(G32=0,"",H32/G32) -> 1.3030303 | M32: High income | O32: 38 | P32: 5 | Q32: 0
A33: AU | B33: Australia | C33: Oceania & Pacific | D33: Developed | E33: 27614411 | F33: 2025 | G33: 31 | H33: =O33+P33+Q33 -> 34 | I33: 1 | J33: =IF(G33=0,"",I33/G33) -> 0.032258065 | K33: =IF(ISNUMBER(E33),IF(E33>0,G33/E33*1000000,""),"") -> 1.1226023 | L33: =IF(G33=0,"",H33/G33) -> 1.0967742 | M33: High income | O33: 27 | P33: 7 | Q33: 0
... A195: LR | B195: Liberia | C195: Africa | D195: Undeveloped / poor | E195: 5731206 | F195: 2025 | G195: 3 | H195: =O195+P195+Q195 -> 0 | I195: 3 | J195: =IF(G195=0,"",I195/G195) -> 1 | K195: =IF(ISNUMBER(E195),IF(E195>0,G195/E195*1000000,""),"") -> 0.52345004 | L195: =IF(G195=0,"",H195/G195) -> 0 | M195: Low income | O195: 0 | P195: 0 | Q195: 0
A196: INT | B196: International | C196: International | D196: Body — not a country | G196: 225 | H196: =O196+P196+Q196 -> 963 | I196: 53 | J196: =IF(G196=0,"",I196/G196) -> 0.23555556 | K196: =IF(ISNUMBER(E196),IF(E196>0,G196/E196*1000000,""),"") | L196: =IF(G196=0,"",H196/G196) -> 4.28 | O196: 116 | P196: 39 | Q196: 808
A197: EU | B197: European Union | C197: Europe | D197: Body — not a country | E197: 451127411 | F197: 2025 | G197: 87 | H197: =O197+P197+Q197 -> 354 | I197: 35 | J197: =IF(G197=0,"",I197/G197) -> 0.40229885 | K197: =IF(ISNUMBER(E197),IF(E197>0,G197/E197*1000000,""),"") -> 0.19285017 | L197: =IF(G197=0,"",H197/G197) -> 4.0689655 | O197: 51 | P197: 61 | Q197: 242
A198: TW | B198: Taiwan | C198: Asia | D198: Unclassified — no World Bank income group | G198: 109 | H198: =O198+P198+Q198 -> 75 | I198: 50 | J198: =IF(G198=0,"",I198/G198) -> 0.4587156 | K198: =IF(ISNUMBER(E198),IF(E198>0,G198/E198*1000000,""),"") | L198: =IF(G198=0,"",H198/G198) -> 0.68807339 | O198: 60 | P198: 15 | Q198: 0
A199: CK | B199: Cook Islands | C199: Oceania & Pacific | D199: Unclassified — no World Bank income group | G199: 6 | H199: =O199+P199+Q199 -> 11 | I199: 0 | J199: =IF(G199=0,"",I199/G199) -> 0 | K199: =IF(ISNUMBER(E199),IF(E199>0,G199/E199*1000000,""),"") | L199: =IF(G199=0,"",H199/G199) -> 1.8333333 | O199: 3 | P199: 8 | Q199: 0
A200: NU | B200: Niue | C200: Oceania & Pacific | D200: Unclassified — no World Bank income group | G200: 3 | H200: =O200+P200+Q200 -> 2 | I200: 0 | J200: =IF(G200=0,"",I200/G200) -> 0 | K200: =IF(ISNUMBER(E200),IF(E200>0,G200/E200*1000000,""),"") | L200: =IF(G200=0,"",H200/G200) -> 0.66666667 | O200: 2 | P200: 0 | Q200: 0
A201: TK | B201: Tokelau | C201: Oceania & Pacific | D201: Unclassified — no World Bank income group | G201: 2 | H201: =O201+P201+Q201 -> 1 | I201: 0 | J201: =IF(G201=0,"",I201/G201) -> 0 | K201: =IF(ISNUMBER(E201),IF(E201>0,G201/E201*1000000,""),"") | L201: =IF(G201=0,"",H201/G201) -> 0.5 | O201: 1 | P201: 0 | Q201: 0

Sheet Notes
A1: Corpus coverage by country — with population and category
A3: Generated | B3: 2026-09-15, after the EU statute round and the ECOICOP target audit
A4: Corpus source | B4: The ASSEMBLED corpus — src/data/research/*.json plus the two hand-written seed files (src/data/reports.ts, src/data/dependencies.ts), read through src/data/index.ts, exactly as npm run validate reads it.
A5: Totals | B5: 3,685 nodes and 3,441 unique dependencies. These tie exactly to HANDOFF.md §2, which is the project's one true count.
A7: WHAT EACH COLUMN IS
A8: Nodes | B8: Reports whose country field is this code.
A9: Edges touching | B9: Internal + outbound + inbound, i.e. every dependency with at least one end in this country. Summing this column across rows double-counts every cross-border edge (4,603 vs the corpus's 3,441) — that is arithmetic, not an error.
A10: Unassigned (zero-edge) nodes | B10: Nodes with no dependency in either direction. 970 corpus-wide. This is the "orphan" figure the handoff tracks.
A11: Nodes per million people | B11: Nodes ÷ population × 1,000,000. You asked for nodes per person; that is ~0.0000019 for Canada and unreadable in a column, so it is scaled per million. Divide by 1,000,000 if you want the raw ratio.
A13: POPULATION
A14: Source | B14: World Bank, SP.POP.TOTL, most recent year per country (2025 for nearly all). api.worldbank.org/v2/country/all/indicator/SP.POP.TOTL
A15: EU row | B15: World Bank EUU aggregate, 2025. It is a bloc, not a country, and is categorised as a body.
A16: BLANK population — 4 rows | B16: Taiwan, Cook Islands, Niue and Tokelau are not in the World Bank country series. Taiwan is the one that matters (109 nodes); DGBAS publishes the figure but serves it by JavaScript this container cannot read. Left blank rather than guessed — drop a number in and the per-million column computes itself.
A18: HOW THE FOUR CATEGORIES WERE ASSIGNED
A19: Order of precedence | B19: "At war" is tested first and overrides income. Everything else falls out of the World Bank income group.
A20: At war | B20: Top 20 countries by conflict deaths in 2024, from the "Deaths by country" table of Wikipedia's List of ongoing armed conflicts (retrieved 2026-09-15). The actual death count is in column N, so every flag shows its own reason.
A21: Developed | B21: World Bank income group = High income.
A22: Developing | B22: World Bank income group = Upper middle income or Lower middle income.
A23: Undeveloped / poor | B23: World Bank income group = Low income.
A24: Body — not a country | B24: INT (international bodies) and EU (the bloc). Neither has an income group and neither should be read as a country.
A26: THREE THINGS TO CHECK BEFORE YOU TRUST THE "AT WAR" COLUMN
A27: 1. It is a top-20 list, so it can only miss | B27: The 20th country in 2024 had 1,708 deaths, so any country between roughly 1,000 and 1,700 is invisible to it. The errors this makes are false NEGATIVES, not false positives.
A28: 2. Mexico and Colombia are judgement calls | B28: Both are in the source table on cartel and criminal violence (8,208 and 1,708 deaths) rather than armed conflict between organised parties. If you do not count that as "at war", change those two cells; nothing else depends on them.
A29: 3. The measure is 2024 | B29: The source's per-country breakdown stops at 2024. Its theatre-level tables carry 2025 and 2026 figures, but they list every country in a region — that route would have flagged Qatar and the UAE as at war, so it was not used.
A31: WHAT IS NOT HERE
A32: Income groups are a proxy | B32: "Developed / developing / undeveloped" has no single official definition. World Bank income group is the most widely used sourced proxy and is reproducible from one API call, which is why it was chosen over a judgement call. High income includes Russia, so Russia reads At war (by precedence) — its income group is still shown in column M.
A34: CATEGORY COLOURS
A35: At war | B35: fill F8CBAD
A36: Developed | B36: fill C6E0B4
A37: Developing | B37: fill FFE699
A38: Undeveloped / poor | B38: fill D9D2E9
A39: Body — not a country | B39: fill D9D9D9

Sheet By category
A1: Category | B1: Countries / bodies | C1: Population | D1: Nodes | E1: Edges touching | F1: Unassigned (zero-edge) nodes | G1: % unassigned | H1: Nodes per million people | I1: Edges per node
A2: At war | B2: =COUNTIF('Coverage by country'!$D$2:$D$201,$A2) -> 20 | C2: =SUMIF('Coverage by country'!$D$2:$D$201,$A2,'Coverage by country'!$E$2:$E$201) -> 1448645899 | D2: =SUMIF('Coverage by country'!$D$2:$D$201,$A2,'Coverage by country'!$G$2:$G$201) -> 456 | E2: =SUMIF('Coverage by country'!$D$2:$D$201,$A2,'Coverage by country'!$H$2:$H$201) -> 392 | F2: =SUMIF('Coverage by country'!$D$2:$D$201,$A2,'Coverage by country'!$I$2:$I$201) -> 133 | G2: =IF($D2=0,"",$F2/$D2) -> 0.29166667 | H2: =IF($C2=0,"",$D2/$C2*1000000) -> 0.31477672 | I2: =IF($D2=0,"",$E2/$D2) -> 0.85964912
A3: Developed | B3: =COUNTIF('Coverage by country'!$D$2:$D$201,$A3) -> 64 | C3: =SUMIF('Coverage by country'!$D$2:$D$201,$A3,'Coverage by country'!$E$2:$E$201) -> 1254260003 | D3: =SUMIF('Coverage by country'!$D$2:$D$201,$A3,'Coverage by country'!$G$2:$G$201) -> 1304 | E3: =SUMIF('Coverage by country'!$D$2:$D$201,$A3,'Coverage by country'!$H$2:$H$201) -> 1607 | F3: =SUMIF('Coverage by country'!$D$2:$D$201,$A3,'Coverage by country'!$I$2:$I$201) -> 169 | G3: =IF($D3=0,"",$F3/$D3) -> 0.12960123 | H3: =IF($C3=0,"",$D3/$C3*1000000) -> 1.0396568 | I3: =IF($D3=0,"",$E3/$D3) -> 1.232362
A4: Developing | B4: =COUNTIF('Coverage by country'!$D$2:$D$201,$A4) -> 95 | C4: =SUMIF('Coverage by country'!$D$2:$D$201,$A4,'Coverage by country'!$E$2:$E$201) -> 5199078175 | D4: =SUMIF('Coverage by country'!$D$2:$D$201,$A4,'Coverage by country'!$G$2:$G$201) -> 1403 | E4: =SUMIF('Coverage by country'!$D$2:$D$201,$A4,'Coverage by country'!$H$2:$H$201) -> 1147 | F4: =SUMIF('Coverage by country'!$D$2:$D$201,$A4,'Coverage by country'!$I$2:$I$201) -> 492 | G4: =IF($D4=0,"",$F4/$D4) -> 0.35067712 | H4: =IF($C4=0,"",$D4/$C4*1000000) -> 0.26985553 | I4: =IF($D4=0,"",$E4/$D4) -> 0.81753386
A5: Undeveloped / poor | B5: =COUNTIF('Coverage by country'!$D$2:$D$201,$A5) -> 15 | C5: =SUMIF('Coverage by country'!$D$2:$D$201,$A5,'Coverage by country'!$E$2:$E$201) -> 260785906 | D5: =SUMIF('Coverage by country'!$D$2:$D$201,$A5,'Coverage by country'!$G$2:$G$201) -> 90 | E5: =SUMIF('Coverage by country'!$D$2:$D$201,$A5,'Coverage by country'!$H$2:$H$201) -> 51 | F5: =SUMIF('Coverage by country'!$D$2:$D$201,$A5,'Coverage by country'!$I$2:$I$201) -> 38 | G5: =IF($D5=0,"",$F5/$D5) -> 0.42222222 | H5: =IF($C5=0,"",$D5/$C5*1000000) -> 0.34511067 | I5: =IF($D5=0,"",$E5/$D5) -> 0.56666667
A6: Body — not a country | B6: =COUNTIF('Coverage by country'!$D$2:$D$201,$A6) -> 2 | C6: =SUMIF('Coverage by country'!$D$2:$D$201,$A6,'Coverage by country'!$E$2:$E$201) -> 451127411 | D6: =SUMIF('Coverage by country'!$D$2:$D$201,$A6,'Coverage by country'!$G$2:$G$201) -> 312 | E6: =SUMIF('Coverage by country'!$D$2:$D$201,$A6,'Coverage by country'!$H$2:$H$201) -> 1317 | F6: =SUMIF('Coverage by country'!$D$2:$D$201,$A6,'Coverage by country'!$I$2:$I$201) -> 88 | G6: =IF($D6=0,"",$F6/$D6) -> 0.28205128 | H6: =IF($C6=0,"",$D6/$C6*1000000) -> 0.69160063 | I6: =IF($D6=0,"",$E6/$D6) -> 4.2211538
A7: Unclassified — no World Bank income group | B7: =COUNTIF('Coverage by country'!$D$2:$D$201,$A7) -> 4 | C7: =SUMIF('Coverage by country'!$D$2:$D$201,$A7,'Coverage by country'!$E$2:$E$201) -> 0 | D7: =SUMIF('Coverage by country'!$D$2:$D$201,$A7,'Coverage by country'!$G$2:$G$201) -> 120 | E7: =SUMIF('Coverage by country'!$D$2:$D$201,$A7,'Coverage by country'!$H$2:$H$201) -> 89 | F7: =SUMIF('Coverage by country'!$D$2:$D$201,$A7,'Coverage by country'!$I$2:$I$201) -> 50 | G7: =IF($D7=0,"",$F7/$D7) -> 0.41666667 | H7: =IF($C7=0,"",$D7/$C7*1000000) | I7: =IF($D7=0,"",$E7/$D7) -> 0.74166667
A8: TOTAL | B8: =SUM(B2:B7) -> 200 | C8: =SUM(C2:C7) -> 8613897394 | D8: =SUM(D2:D7) -> 3685 | E8: =SUM(E2:E7) -> 4603 | F8: =SUM(F2:F7) -> 970
A10: Nodes and unassigned nodes above sum to the corpus totals. "Edges touching" does NOT — a cross-border edge touches two countries and is counted in both rows. The corpus has 3,441 unique dependencies; these cells sum to 4,603.

Sheet By continent
A1: Continent | B1: Countries / bodies | C1: Population | D1: Nodes | E1: Edges touching | F1: Unassigned (zero-edge) nodes | G1: % unassigned | H1: Nodes per million people | I1: Edges per node
A2: Africa | B2: =COUNTIF('Coverage by country'!$C$2:$C$201,$A2) -> 54 | C2: =SUMIF('Coverage by country'!$C$2:$C$201,$A2,'Coverage by country'!$E$2:$E$201) -> 1546877498 | D2: =SUMIF('Coverage by country'!$C$2:$C$201,$A2,'Coverage by country'!$G$2:$G$201) -> 511 | E2: =SUMIF('Coverage by country'!$C$2:$C$201,$A2,'Coverage by country'!$H$2:$H$201) -> 304 | F2: =SUMIF('Coverage by country'!$C$2:$C$201,$A2,'Coverage by country'!$I$2:$I$201) -> 218 | G2: =IF($D2=0,"",$F2/$D2) -> 0.42661448 | H2: =IF($C2=0,"",$D2/$C2*1000000) -> 0.3303429 | I2: =IF($D2=0,"",$E2/$D2) -> 0.59491194
A3: Asia | B3: =COUNTIF('Coverage by country'!$C$2:$C$201,$A3) -> 34 | C3: =SUMIF('Coverage by country'!$C$2:$C$201,$A3,'Coverage by country'!$E$2:$E$201) -> 4528721482 | D3: =SUMIF('Coverage by country'!$C$2:$C$201,$A3,'Coverage by country'!$G$2:$G$201) -> 1007 | E3: =SUMIF('Coverage by country'!$C$2:$C$201,$A3,'Coverage by country'!$H$2:$H$201) -> 920 | F3: =SUMIF('Coverage by country'!$C$2:$C$201,$A3,'Coverage by country'!$I$2:$I$201) -> 322 | G3: =IF($D3=0,"",$F3/$D3) -> 0.31976167 | H3: =IF($C3=0,"",$D3/$C3*1000000) -> 0.22235856 | I3: =IF($D3=0,"",$E3/$D3) -> 0.91360477
A4: Europe | B4: =COUNTIF('Coverage by country'!$C$2:$C$201,$A4) -> 46 | C4: =SUMIF('Coverage by country'!$C$2:$C$201,$A4,'Coverage by country'!$E$2:$E$201) -> 1139417582 | D4: =SUMIF('Coverage by country'!$C$2:$C$201,$A4,'Coverage by country'!$G$2:$G$201) -> 545 | E4: =SUMIF('Coverage by country'!$C$2:$C$201,$A4,'Coverage by country'!$H$2:$H$201) -> 1043 | F4: =SUMIF('Coverage by country'!$C$2:$C$201,$A4,'Coverage by country'!$I$2:$I$201) -> 52 | G4: =IF($D4=0,"",$F4/$D4) -> 0.095412844 | H4: =IF($C4=0,"",$D4/$C4*1000000) -> 0.47831454 | I4: =IF($D4=0,"",$E4/$D4) -> 1.9137615
A5: International | B5: =COUNTIF('Coverage by country'!$C$2:$C$201,$A5) -> 1 | C5: =SUMIF('Coverage by country'!$C$2:$C$201,$A5,'Coverage by country'!$E$2:$E$201) -> 0 | D5: =SUMIF('Coverage by country'!$C$2:$C$201,$A5,'Coverage by country'!$G$2:$G$201) -> 225 | E5: =SUMIF('Coverage by country'!$C$2:$C$201,$A5,'Coverage by country'!$H$2:$H$201) -> 963 | F5: =SUMIF('Coverage by country'!$C$2:$C$201,$A5,'Coverage by country'!$I$2:$I$201) -> 53 | G5: =IF($D5=0,"",$F5/$D5) -> 0.23555556 | H5: =IF($C5=0,"",$D5/$C5*1000000) | I5: =IF($D5=0,"",$E5/$D5) -> 4.28
A6: Middle East | B6: =COUNTIF('Coverage by country'!$C$2:$C$201,$A6) -> 14 | C6: =SUMIF('Coverage by country'!$C$2:$C$201,$A6,'Coverage by country'!$E$2:$E$201) -> 303158535 | D6: =SUMIF('Coverage by country'!$C$2:$C$201,$A6,'Coverage by country'!$G$2:$G$201) -> 147 | E6: =SUMIF('Coverage by country'!$C$2:$C$201,$A6,'Coverage by country'!$H$2:$H$201) -> 118 | F6: =SUMIF('Coverage by country'!$C$2:$C$201,$A6,'Coverage by country'!$I$2:$I$201) -> 64 | G6: =IF($D6=0,"",$F6/$D6) -> 0.43537415 | H6: =IF($C6=0,"",$D6/$C6*1000000) -> 0.48489481 | I6: =IF($D6=0,"",$E6/$D6) -> 0.80272109
A7: North America | B7: =COUNTIF('Coverage by country'!$C$2:$C$201,$A7) -> 22 | C7: =SUMIF('Coverage by country'!$C$2:$C$201,$A7,'Coverage by country'!$E$2:$E$201) -> 611476479 | D7: =SUMIF('Coverage by country'!$C$2:$C$201,$A7,'Coverage by country'!$G$2:$G$201) -> 576 | E7: =SUMIF('Coverage by country'!$C$2:$C$201,$A7,'Coverage by country'!$H$2:$H$201) -> 749 | F7: =SUMIF('Coverage by country'!$C$2:$C$201,$A7,'Coverage by country'!$I$2:$I$201) -> 39 | G7: =IF($D7=0,"",$F7/$D7) -> 0.067708333 | H7: =IF($C7=0,"",$D7/$C7*1000000) -> 0.94198227 | I7: =IF($D7=0,"",$E7/$D7) -> 1.3003472
A8: Oceania & Pacific | B8: =COUNTIF('Coverage by country'!$C$2:$C$201,$A8) -> 17 | C8: =SUMIF('Coverage by country'!$C$2:$C$201,$A8,'Coverage by country'!$E$2:$E$201) -> 46457577 | D8: =SUMIF('Coverage by country'!$C$2:$C$201,$A8,'Coverage by country'!$G$2:$G$201) -> 92 | E8: =SUMIF('Coverage by country'!$C$2:$C$201,$A8,'Coverage by country'!$H$2:$H$201) -> 110 | F8: =SUMIF('Coverage by country'!$C$2:$C$201,$A8,'Coverage by country'!$I$2:$I$201) -> 8 | G8: =IF($D8=0,"",$F8/$D8) -> 0.086956522 | H8: =IF($C8=0,"",$D8/$C8*1000000) -> 1.9803013 | I8: =IF($D8=0,"",$E8/$D8) -> 1.1956522
A9: South America | B9: =COUNTIF('Coverage by country'!$C$2:$C$201,$A9) -> 12 | C9: =SUMIF('Coverage by country'!$C$2:$C$201,$A9,'Coverage by country'!$E$2:$E$201) -> 437788241 | D9: =SUMIF('Coverage by country'!$C$2:$C$201,$A9,'Coverage by country'!$G$2:$G$201) -> 582 | E9: =SUMIF('Coverage by country'!$C$2:$C$201,$A9,'Coverage by country'!$H$2:$H$201) -> 396 | F9: =SUMIF('Coverage by country'!$C$2:$C$201,$A9,'Coverage by country'!$I$2:$I$201) -> 214 | G9: =IF($D9=0,"",$F9/$D9) -> 0.36769759 | H9: =IF($C9=0,"",$D9/$C9*1000000) -> 1.3294099 | I9: =IF($D9=0,"",$E9/$D9) -> 0.68041237

Sheet Where to go next (2026-09-10)
A1: CARRIED OVER UNCHANGED from corpus-coverage-by-country-2026-09-10.xlsx. Its class-A premise was tested on 2026-09-15 and largely dissolved — see notes/node-url-audit-2026-09-15.md. Kept for the reasoning, not as a live ranking.
A2: Class | B2: Rank | C2: Code | D2: Country | E2: Nodes | F2: Edges | G2: Zero-edge nodes | H2: Edges per node | I2: Why this one
A3: A — unwired depth | B3: 1 | C3: EG | D3: Egypt | E3: 60 | F3: 10 | G3: 51 | H3: 0.17 | I3: 60 nodes, 10 edges. Second largest stock of unwired nodes anywhere. Standing issue: the IPI compiler is unverified.
A4: A — unwired depth | B4: 2 | C4: TW | D4: Taiwan | E4: 109 | F4: 75 | G4: 50 | H4: 0.69 | I4: 109 nodes, 75 edges. Large family, half of it unwired; DGBAS publishes in depth.
A5: A — unwired depth | B5: 3 | C5: IN | D5: India | E5: 98 | F5: 61 | G5: 37 | H5: 0.62 | I5: 98 nodes, 61 edges. Four dead hosts confirmed DOWN (round 36) — check before scoping.
A6: A — unwired depth | B6: 4 | C6: SG | D6: Singapore | E6: 38 | F6: 13 | G6: 30 | H6: 0.34 | I6: 38 nodes, 13 edges. A small, very well-documented statistical system — should wire fast.
A7: A — unwired depth | B7: 5 | C7: IR | D7: Iran | E7: 29 | F7: 2 | G7: 28 | H7: 0.07 | I7: 29 nodes, 2 edges. The single most unwired country in the corpus. Never had a research round.
A8: A — unwired depth | B8: 6 | C8: BO | D8: Bolivia | E8: 52 | F8: 25 | G8: 25 | H8: 0.48 | I8: 52 nodes, 25 edges.
A9: A — unwired depth | B9: 7 | C9: VN | D9: Vietnam | E9: 45 | F9: 23 | G9: 25 | H9: 0.51 | I9: 45 nodes, 23 edges. Touched by the candidates-tier round (2026-08-28) and not since.
A10: A — unwired depth | B10: 8 | C10: CL | D10: Chile | E10: 53 | F10: 28 | G10: 23 | H10: 0.53 | I10: 53 nodes, 28 edges. Part of the August LatAm import; INE Chile is well documented.
A11: A — unwired depth | B11: 9 | C11: PY | D11: Paraguay | E11: 46 | F11: 20 | G11: 23 | H11: 0.43 | I11: 46 nodes, 20 edges.
A12: A — unwired depth | B12: 10 | C12: ET | D12: Ethiopia | E12: 41 | F12: 23 | G12: 21 | H12: 0.56 | I12: 41 nodes, 23 edges.
A13: A — unwired depth | B13: 11 | C13: GY | D13: Guyana | E13: 37 | F13: 14 | G13: 21 | H13: 0.38 | I13: 37 nodes, 14 edges.
A14: A — unwired depth | B14: 12 | C14: EC | D14: Ecuador | E14: 46 | F14: 29 | G14: 19 | H14: 0.63 | I14: 46 nodes, 29 edges.
... A17: A — unwired depth | B17: 15 | C17: SR | D17: Suriname | E17: 39 | F17: 25 | G17: 13 | H17: 0.64 | I17: 39 nodes, 25 edges.
A18: A — unwired depth | B18: 16 | C18: UY | D18: Uruguay | E18: 50 | F18: 34 | G18: 12 | H18: 0.68
A19: A — unwired depth | B19: 17 | C19: PE | D19: Peru | E19: 36 | F19: 25 | G19: 11 | H19: 0.69
A20: A — unwired depth | B20: 18 | C20: NG | D20: Nigeria | E20: 20 | F20: 13 | G20: 7 | H20: 0.65 | I20: 20 nodes, 13 edges.
A22: B — unexplored | B22: 1 | C22: UZ | D22: Uzbekistan | E22: 1 | F22: 1 | G22: 0 | H22: 1 | I22: Uzbekistan — 1 node.
A23: B — unexplored | B23: 2 | C23: QA | D23: Qatar | E23: 2 | F23: 1 | G23: 1 | H23: 0.5 | I23: Qatar — 2 nodes.
A24: B — unexplored | B24: 3 | C24: RS | D24: Serbia | E24: 2 | F24: 2 | G24: 0 | H24: 1 | I24: Serbia — 2 nodes.
A25: B — unexplored | B25: 4 | C25: UA | D25: Ukraine | E25: 2 | F25: 2 | G25: 0 | H25: 1 | I25: Ukraine — a G20-adjacent economy on 2 nodes.
A26: B — unexplored | B26: 5 | C26: AZ | D26: Azerbaijan | E26: 3 | F26: 3 | G26: 0 | H26: 1 | I26: Azerbaijan — 3 nodes.
A27: B — unexplored | B27: 6 | C27: JM | D27: Jamaica | E27: 3 | F27: 5 | G27: 0 | H27: 1.67 | I27: Jamaica — 3 nodes.
A28: B — unexplored | B28: 7 | C28: BS | D28: The Bahamas | E28: 3 | F28: 4 | G28: 1 | H28: 1.33 | I28: The Bahamas — 3 nodes (option-E pair open).
A29: B — unexplored | B29: 8 | C29: LB | D29: Lebanon | E29: 3 | F29: 1 | G29: 2 | H29: 0.33 | I29: Lebanon — 3 nodes.
A30: B — unexplored | B30: 9 | C30: OM | D30: Oman | E30: 3 | F30: 4 | G30: 1 | H30: 1.33 | I30: Oman — 3 nodes.
A31: B — unexplored | B31: 10 | C31: BH | D31: Bahrain | E31: 3 | F31: 6 | G31: 0 | H31: 2 | I31: Bahrain — 3 nodes.
A32: B — unexplored | B32: 11 | C32: MN | D32: Mongolia | E32: 3 | F32: 4 | G32: 0 | H32: 1.33 | I32: Mongolia — 3 nodes.
... A40: B — unexplored | B40: 19 | C40: PK | D40: Pakistan | E40: 4 | F40: 4 | G40: 2 | H40: 1 | I40: Pakistan — 240M people, 4 nodes.
